Scope,Project,Namespace,Type,Member,Maintainability Index,Cyclomatic Complexity,Depth of Inheritance,Class Coupling,Lines of Source code,Lines of Executable code
Type,MonoGameLibrary,MonoGameLibrary,Core,,90,8,2,12,33,21
Member,MonoGameLibrary,MonoGameLibrary,Core,Content,100,1,0,0,0,0
Member,MonoGameLibrary,MonoGameLibrary,Core,Core,56,2,0,0,14,13
Member,MonoGameLibrary,MonoGameLibrary,Core,ExitOnEscape,100,1,0,0,0,0
Member,MonoGameLibrary,MonoGameLibrary,Core,Graphics,100,1,0,0,0,0
Member,MonoGameLibrary,MonoGameLibrary,Core,GraphicsDevice,100,1,0,0,0,0
Member,MonoGameLibrary,MonoGameLibrary,Core,Initialize,72,1,0,0,4,4
Member,MonoGameLibrary,MonoGameLibrary,Core,Input,100,1,0,0,0,0
Member,MonoGameLibrary,MonoGameLibrary,Core,Instance,91,1,0,0,1,0
Member,MonoGameLibrary,MonoGameLibrary,Core,s_instance,100,1,0,0,0,0
Member,MonoGameLibrary,MonoGameLibrary,Core,SpriteBatch,100,1,0,0,0,0
Member,MonoGameLibrary,MonoGameLibrary,Core,Update,70,3,0,0,4,4
Type,MonoGameLibrary,MonoGameLibrary.Graphics,AnimatedSprite,,86,7,2,6,22,12
Member,MonoGameLibrary,MonoGameLibrary.Graphics,AnimatedSprite,_animation,100,1,0,0,0,0
Member,MonoGameLibrary,MonoGameLibrary.Graphics,AnimatedSprite,_currentFrame,100,1,0,0,0,0
Member,MonoGameLibrary,MonoGameLibrary.Graphics,AnimatedSprite,_elapsed,100,1,0,0,0,0
Member,MonoGameLibrary,MonoGameLibrary.Graphics,AnimatedSprite,AnimatedSprite,92,1,0,0,1,0
Member,MonoGameLibrary,MonoGameLibrary.Graphics,AnimatedSprite,AnimatedSprite,82,1,0,0,2,1
Member,MonoGameLibrary,MonoGameLibrary.Graphics,AnimatedSprite,Animation,66,1,0,0,7,4
Member,MonoGameLibrary,MonoGameLibrary.Graphics,AnimatedSprite,Update,64,3,0,0,7,7
Type,MonoGameLibrary,MonoGameLibrary.Graphics,Animation,,88,3,1,3,9,4
Member,MonoGameLibrary,MonoGameLibrary.Graphics,Animation,Animation,75,1,0,0,3,2
Member,MonoGameLibrary,MonoGameLibrary.Graphics,Animation,Animation,76,1,0,0,3,2
Member,MonoGameLibrary,MonoGameLibrary.Graphics,Animation,Delay,100,1,0,0,0,0
Member,MonoGameLibrary,MonoGameLibrary.Graphics,Animation,Frames,100,1,0,0,0,0
Type,MonoGameLibrary,MonoGameLibrary.Graphics,Sprite,,93,8,1,5,19,4
Member,MonoGameLibrary,MonoGameLibrary.Graphics,Sprite,CenterOrigin,86,1,0,0,1,1
Member,MonoGameLibrary,MonoGameLibrary.Graphics,Sprite,Color,100,1,0,0,0,0
Member,MonoGameLibrary,MonoGameLibrary.Graphics,Sprite,Draw,85,1,0,0,1,1
Member,MonoGameLibrary,MonoGameLibrary.Graphics,Sprite,Draw,84,1,0,0,1,1
Member,MonoGameLibrary,MonoGameLibrary.Graphics,Sprite,Effects,100,1,0,0,0,0
Member,MonoGameLibrary,MonoGameLibrary.Graphics,Sprite,Height,89,1,0,0,1,0
Member,MonoGameLibrary,MonoGameLibrary.Graphics,Sprite,LayerDepth,100,1,0,0,0,0
Member,MonoGameLibrary,MonoGameLibrary.Graphics,Sprite,Origin,100,1,0,0,0,0
Member,MonoGameLibrary,MonoGameLibrary.Graphics,Sprite,Region,100,1,0,0,0,0
Member,MonoGameLibrary,MonoGameLibrary.Graphics,Sprite,Rotation,100,1,0,0,0,0
Member,MonoGameLibrary,MonoGameLibrary.Graphics,Sprite,Scale,100,1,0,0,0,0
Member,MonoGameLibrary,MonoGameLibrary.Graphics,Sprite,Sprite,92,1,0,0,1,0
Member,MonoGameLibrary,MonoGameLibrary.Graphics,Sprite,Sprite,82,1,0,0,2,1
Member,MonoGameLibrary,MonoGameLibrary.Graphics,Sprite,Width,89,1,0,0,1,0
Type,MonoGameLibrary,MonoGameLibrary.Graphics,TextureAtlas,,83,25,1,18,67,51
Member,MonoGameLibrary,MonoGameLibrary.Graphics,TextureAtlas,_animations,100,1,0,0,0,0
Member,MonoGameLibrary,MonoGameLibrary.Graphics,TextureAtlas,_regions,100,1,0,0,0,0
Member,MonoGameLibrary,MonoGameLibrary.Graphics,TextureAtlas,AddAnimation,86,1,0,0,1,1
Member,MonoGameLibrary,MonoGameLibrary.Graphics,TextureAtlas,AddRegion,77,1,0,0,2,2
Member,MonoGameLibrary,MonoGameLibrary.Graphics,TextureAtlas,Clear,88,1,0,0,1,1
Member,MonoGameLibrary,MonoGameLibrary.Graphics,TextureAtlas,CreateAnimatedSprite,79,1,0,0,2,2
Member,MonoGameLibrary,MonoGameLibrary.Graphics,TextureAtlas,CreateSprite,79,1,0,0,2,2
Member,MonoGameLibrary,MonoGameLibrary.Graphics,TextureAtlas,FromFile,41,13,0,0,34,34
Member,MonoGameLibrary,MonoGameLibrary.Graphics,TextureAtlas,GetAnimation,88,1,0,0,1,1
Member,MonoGameLibrary,MonoGameLibrary.Graphics,TextureAtlas,GetRegion,88,1,0,0,1,1
Member,MonoGameLibrary,MonoGameLibrary.Graphics,TextureAtlas,RemoveAnimation,87,1,0,0,1,1
Member,MonoGameLibrary,MonoGameLibrary.Graphics,TextureAtlas,RemoveRegion,87,1,0,0,1,1
Member,MonoGameLibrary,MonoGameLibrary.Graphics,TextureAtlas,Texture,100,1,0,0,0,0
Member,MonoGameLibrary,MonoGameLibrary.Graphics,TextureAtlas,TextureAtlas,75,1,0,0,3,2
Member,MonoGameLibrary,MonoGameLibrary.Graphics,TextureAtlas,TextureAtlas,71,1,0,0,4,3
Type,MonoGameLibrary,MonoGameLibrary.Graphics,TextureRegion,,83,8,1,7,34,5
Member,MonoGameLibrary,MonoGameLibrary.Graphics,TextureRegion,Draw,84,1,0,0,1,1
Member,MonoGameLibrary,MonoGameLibrary.Graphics,TextureRegion,Draw,61,1,0,0,10,1
Member,MonoGameLibrary,MonoGameLibrary.Graphics,TextureRegion,Draw,60,1,0,0,11,1
Member,MonoGameLibrary,MonoGameLibrary.Graphics,TextureRegion,Height,90,1,0,0,1,0
Member,MonoGameLibrary,MonoGameLibrary.Graphics,TextureRegion,SourceRectangle,100,1,0,0,0,0
Member,MonoGameLibrary,MonoGameLibrary.Graphics,TextureRegion,Texture,100,1,0,0,0,0
Member,MonoGameLibrary,MonoGameLibrary.Graphics,TextureRegion,TextureRegion,92,1,0,0,1,0
Member,MonoGameLibrary,MonoGameLibrary.Graphics,TextureRegion,TextureRegion,74,1,0,0,3,2
Member,MonoGameLibrary,MonoGameLibrary.Graphics,TextureRegion,Width,90,1,0,0,1,0
Type,MonoGameLibrary,MonoGameLibrary.Input,GamePadInfo,,88,18,1,9,34,16
Member,MonoGameLibrary,MonoGameLibrary.Input,GamePadInfo,_vibrationTimeRemaining,100,1,0,0,0,0
Member,MonoGameLibrary,MonoGameLibrary.Input,GamePadInfo,CurrentState,100,1,0,0,0,0
Member,MonoGameLibrary,MonoGameLibrary.Input,GamePadInfo,GamePadInfo,72,1,0,0,4,3
Member,MonoGameLibrary,MonoGameLibrary.Input,GamePadInfo,IsButtonDown,87,1,0,0,1,1
Member,MonoGameLibrary,MonoGameLibrary.Input,GamePadInfo,IsButtonUp,87,1,0,0,1,1
Member,MonoGameLibrary,MonoGameLibrary.Input,GamePadInfo,IsConnected,90,1,0,0,1,0
Member,MonoGameLibrary,MonoGameLibrary.Input,GamePadInfo,LeftThumbStick,89,1,0,0,1,0
Member,MonoGameLibrary,MonoGameLibrary.Input,GamePadInfo,LeftTrigger,89,1,0,0,1,0
Member,MonoGameLibrary,MonoGameLibrary.Input,GamePadInfo,PlayerIndex,100,1,0,0,0,0
Member,MonoGameLibrary,MonoGameLibrary.Input,GamePadInfo,PreviousState,100,1,0,0,0,0
Member,MonoGameLibrary,MonoGameLibrary.Input,GamePadInfo,RightThumbStick,89,1,0,0,1,0
Member,MonoGameLibrary,MonoGameLibrary.Input,GamePadInfo,RightTrigger,89,1,0,0,1,0
Member,MonoGameLibrary,MonoGameLibrary.Input,GamePadInfo,SetVibration,79,1,0,0,2,2
Member,MonoGameLibrary,MonoGameLibrary.Input,GamePadInfo,StopVibration,87,1,0,0,1,1
Member,MonoGameLibrary,MonoGameLibrary.Input,GamePadInfo,Update,66,3,0,0,6,6
Member,MonoGameLibrary,MonoGameLibrary.Input,GamePadInfo,WasButtonJustPressed,86,2,0,0,1,1
Member,MonoGameLibrary,MonoGameLibrary.Input,GamePadInfo,WasButtonJustReleased,86,2,0,0,1,1
Type,MonoGameLibrary,MonoGameLibrary.Input,InputManager,,87,5,1,5,15,9
Member,MonoGameLibrary,MonoGameLibrary.Input,InputManager,GamePads,100,1,0,0,0,0
Member,MonoGameLibrary,MonoGameLibrary.Input,InputManager,InputManager,66,2,0,0,6,5
Member,MonoGameLibrary,MonoGameLibrary.Input,InputManager,Keyboard,100,1,0,0,0,0
Member,MonoGameLibrary,MonoGameLibrary.Input,InputManager,Mouse,100,1,0,0,0,0
Member,MonoGameLibrary,MonoGameLibrary.Input,InputManager,Update,70,2,0,0,4,4
Type,MonoGameLibrary,MonoGameLibrary.Input,KeyboardInfo,,88,9,1,3,17,8
Member,MonoGameLibrary,MonoGameLibrary.Input,KeyboardInfo,CurrentState,100,1,0,0,0,0
Member,MonoGameLibrary,MonoGameLibrary.Input,KeyboardInfo,IsKeyDown,87,1,0,0,1,1
Member,MonoGameLibrary,MonoGameLibrary.Input,KeyboardInfo,IsKeyUp,87,1,0,0,1,1
Member,MonoGameLibrary,MonoGameLibrary.Input,KeyboardInfo,KeyboardInfo,76,1,0,0,3,2
Member,MonoGameLibrary,MonoGameLibrary.Input,KeyboardInfo,PreviousState,100,1,0,0,0,0
Member,MonoGameLibrary,MonoGameLibrary.Input,KeyboardInfo,Update,80,1,0,0,2,2
Member,MonoGameLibrary,MonoGameLibrary.Input,KeyboardInfo,WasKeyJustPressed,86,2,0,0,1,1
Member,MonoGameLibrary,MonoGameLibrary.Input,KeyboardInfo,WasKeyJustReleased,86,2,0,0,1,1
Type,MonoGameLibrary,MonoGameLibrary.Input,MouseInfo,,78,51,1,5,92,34
Member,MonoGameLibrary,MonoGameLibrary.Input,MouseInfo,CurrentState,100,1,0,0,0,0
Member,MonoGameLibrary,MonoGameLibrary.Input,MouseInfo,IsButtonDown,56,7,0,0,13,7
Member,MonoGameLibrary,MonoGameLibrary.Input,MouseInfo,IsButtonUp,56,7,0,0,13,7
Member,MonoGameLibrary,MonoGameLibrary.Input,MouseInfo,MouseInfo,76,1,0,0,3,2
Member,MonoGameLibrary,MonoGameLibrary.Input,MouseInfo,Position,75,1,0,0,3,0
Member,MonoGameLibrary,MonoGameLibrary.Input,MouseInfo,PositionDelta,89,1,0,0,1,0
Member,MonoGameLibrary,MonoGameLibrary.Input,MouseInfo,PreviousState,100,1,0,0,0,0
Member,MonoGameLibrary,MonoGameLibrary.Input,MouseInfo,ScrollWheel,90,1,0,0,1,0
Member,MonoGameLibrary,MonoGameLibrary.Input,MouseInfo,ScrollWheelDelta,89,1,0,0,1,0
Member,MonoGameLibrary,MonoGameLibrary.Input,MouseInfo,SetPosition,60,1,0,0,11,2
Member,MonoGameLibrary,MonoGameLibrary.Input,MouseInfo,Update,80,1,0,0,2,2
Member,MonoGameLibrary,MonoGameLibrary.Input,MouseInfo,WasButtonJustPressed,54,12,0,0,13,7
Member,MonoGameLibrary,MonoGameLibrary.Input,MouseInfo,WasButtonJustReleased,54,12,0,0,13,7
Member,MonoGameLibrary,MonoGameLibrary.Input,MouseInfo,WasMoved,89,1,0,0,1,0
Member,MonoGameLibrary,MonoGameLibrary.Input,MouseInfo,X,76,1,0,0,3,0
Member,MonoGameLibrary,MonoGameLibrary.Input,MouseInfo,XDelta,89,1,0,0,1,0
Member,MonoGameLibrary,MonoGameLibrary.Input,MouseInfo,Y,76,1,0,0,3,0
Member,MonoGameLibrary,MonoGameLibrary.Input,MouseInfo,YDelta,89,1,0,0,1,0
Type,MonoGameLibrary,MonoGameLibrary.Input,TriggerKey,,89,17,1,10,61,37
Member,MonoGameLibrary,MonoGameLibrary.Input,TriggerKey,_wasPressedLastFrame,100,1,0,0,0,0
Member,MonoGameLibrary,MonoGameLibrary.Input,TriggerKey,DasTimeMs,100,1,0,0,0,0
Member,MonoGameLibrary,MonoGameLibrary.Input,TriggerKey,DeviceType,100,1,0,0,0,0
Member,MonoGameLibrary,MonoGameLibrary.Input,TriggerKey,GamePadButtonCode,100,1,0,0,0,0
Member,MonoGameLibrary,MonoGameLibrary.Input,TriggerKey,HoldTime,100,1,0,0,0,0
Member,MonoGameLibrary,MonoGameLibrary.Input,TriggerKey,IsNewPress,100,1,0,0,0,0
Member,MonoGameLibrary,MonoGameLibrary.Input,TriggerKey,IsPressed,100,1,0,0,0,0
Member,MonoGameLibrary,MonoGameLibrary.Input,TriggerKey,KeyCode,100,1,0,0,0,0
Member,MonoGameLibrary,MonoGameLibrary.Input,TriggerKey,LastDasTime,100,1,0,0,0,0
Member,MonoGameLibrary,MonoGameLibrary.Input,TriggerKey,MouseButtonCode,100,1,0,0,0,0
Member,MonoGameLibrary,MonoGameLibrary.Input,TriggerKey,ResetHold,81,1,0,0,2,2
Member,MonoGameLibrary,MonoGameLibrary.Input,TriggerKey,SetKeyCode,88,1,0,0,1,1
Member,MonoGameLibrary,MonoGameLibrary.Input,TriggerKey,SetKeyCode,88,1,0,0,1,1
Member,MonoGameLibrary,MonoGameLibrary.Input,TriggerKey,SetKeyCode,88,1,0,0,1,1
Member,MonoGameLibrary,MonoGameLibrary.Input,TriggerKey,TriggerKey,69,1,0,0,5,4
Member,MonoGameLibrary,MonoGameLibrary.Input,TriggerKey,TriggerKey,69,1,0,0,5,4
Member,MonoGameLibrary,MonoGameLibrary.Input,TriggerKey,TriggerKey,69,1,0,0,5,4
Member,MonoGameLibrary,MonoGameLibrary.Input,TriggerKey,Update,48,9,0,0,24,20
Member,MonoGameLibrary,MonoGameLibrary.Input,TriggerKey,UseDAS,100,1,0,0,0,0
Type,sprint2,<global namespace>,Sword,,86,11,2,12,28,19
Member,sprint2,<global namespace>,Sword,_leftHandOffset,100,1,0,0,0,0
Member,sprint2,<global namespace>,Sword,_rightHandOffset,100,1,0,0,0,0
Member,sprint2,<global namespace>,Sword,Draw,60,5,0,0,8,8
Member,sprint2,<global namespace>,Sword,SwingEnd,100,1,0,0,0,0
Member,sprint2,<global namespace>,Sword,SwingStart,100,1,0,0,0,0
Member,sprint2,<global namespace>,Sword,Sword,88,1,0,0,1,0
Member,sprint2,<global namespace>,Sword,Update,56,4,0,0,12,11
Type,sprint2,sprint2,Constants,,100,1,1,0,7,0
Member,sprint2,sprint2,Constants,AppName,100,1,0,0,0,0
Member,sprint2,sprint2,Constants,FollowSpeed,100,1,0,0,0,0
Member,sprint2,sprint2,Constants,Gravity,100,1,0,0,0,0
Member,sprint2,sprint2,Constants,GroundLevel,100,1,0,0,0,0
Member,sprint2,sprint2,Constants,WindowHeight,100,1,0,0,0,0
Member,sprint2,sprint2,Constants,WindowWidth,100,1,0,0,0,0
Type,sprint2,sprint2,Game1,,89,6,3,47,82,41
Member,sprint2,sprint2,Game1,_backgroundTexture,100,1,0,0,0,0
Member,sprint2,sprint2,Game1,_blocksDemo,100,1,0,0,0,0
Member,sprint2,sprint2,Game1,_bosses,100,1,0,0,0,0
Member,sprint2,sprint2,Game1,_inputManager,100,1,0,0,0,0
Member,sprint2,sprint2,Game1,_itemsDemo,100,1,0,0,0,0
Member,sprint2,sprint2,Game1,_music,100,1,0,0,0,0
Member,sprint2,sprint2,Game1,_p1Input,100,1,0,0,0,0
Member,sprint2,sprint2,Game1,_player1,100,1,0,0,0,0
Member,sprint2,sprint2,Game1,_playList,100,1,0,0,0,0
Member,sprint2,sprint2,Game1,_projectileManager,100,1,0,0,0,0
Member,sprint2,sprint2,Game1,_screenRectangle,100,1,0,0,0,0
Member,sprint2,sprint2,Game1,_worldHandler,100,1,0,0,0,0
Member,sprint2,sprint2,Game1,Draw,56,1,0,0,13,10
Member,sprint2,sprint2,Game1,Game1,87,1,0,0,1,0
Member,sprint2,sprint2,Game1,Initialize,68,1,0,0,5,5
Member,sprint2,sprint2,Game1,LoadContent,43,1,0,0,36,16
Member,sprint2,sprint2,Game1,Update,60,1,0,0,10,10
Type,sprint2,sprint2.Blocks,Block,,93,4,1,5,9,3
Member,sprint2,sprint2.Blocks,Block,Block,76,1,0,0,3,2
Member,sprint2,sprint2.Blocks,Block,Draw,87,1,0,0,1,1
Member,sprint2,sprint2.Blocks,Block,Location,100,1,0,0,0,0
Member,sprint2,sprint2.Blocks,Block,TheSprite,100,1,0,0,0,0
Member,sprint2,sprint2.Blocks,Block,Update,100,1,0,0,0,0
Type,sprint2,sprint2.Blocks,BlockFactory,,89,10,1,3,21,8
Member,sprint2,sprint2.Blocks,BlockFactory,blockAtlas,100,1,0,0,0,0
Member,sprint2,sprint2.Blocks,BlockFactory,BlockFactory,92,1,0,0,1,0
Member,sprint2,sprint2.Blocks,BlockFactory,CreateBlueBrickBlockSprite,88,1,0,0,1,1
Member,sprint2,sprint2.Blocks,BlockFactory,CreateCarvedBrickBlockSprite,88,1,0,0,1,1
Member,sprint2,sprint2.Blocks,BlockFactory,CreateCopperBrickBlockSprite,88,1,0,0,1,1
Member,sprint2,sprint2.Blocks,BlockFactory,CreateGreenBrickBlockSprite,88,1,0,0,1,1
Member,sprint2,sprint2.Blocks,BlockFactory,CreatePearlstoneBlockSprite,88,1,0,0,1,1
Member,sprint2,sprint2.Blocks,BlockFactory,CreateRedBrickBlockSprite,88,1,0,0,1,1
Member,sprint2,sprint2.Blocks,BlockFactory,instance,100,1,0,0,0,0
Member,sprint2,sprint2.Blocks,BlockFactory,Instance,78,1,0,0,3,1
Member,sprint2,sprint2.Blocks,BlockFactory,LoadAllTextures,86,1,0,0,1,1
Type,sprint2,sprint2.Blocks,BlocksDemo,,82,8,1,10,21,12
Member,sprint2,sprint2.Blocks,BlocksDemo,_blocks,100,1,0,0,0,0
Member,sprint2,sprint2.Blocks,BlocksDemo,_currBlock,100,1,0,0,0,0
Member,sprint2,sprint2.Blocks,BlocksDemo,BlocksDemo,58,2,0,0,11,4
Member,sprint2,sprint2.Blocks,BlocksDemo,Draw,85,1,0,0,1,1
Member,sprint2,sprint2.Blocks,BlocksDemo,Update,68,4,0,0,4,7
Type,sprint2,sprint2.Blocks,IBlock,,100,1,1,2,3,0
Member,sprint2,sprint2.Blocks,IBlock,Draw,100,1,0,0,0,0
Member,sprint2,sprint2.Blocks,IBlock,Update,100,1,0,0,0,0
Type,sprint2,sprint2.Bosses,BossFactory,,85,14,1,12,42,24
Member,sprint2,sprint2.Bosses,BossFactory,_cthulhuAtlas,100,1,0,0,0,0
Member,sprint2,sprint2.Bosses,BossFactory,_queenBeeAtlas,100,1,0,0,0,0
Member,sprint2,sprint2.Bosses,BossFactory,_slimeAtlas,100,1,0,0,0,0
Member,sprint2,sprint2.Bosses,BossFactory,ActiveBosses,100,1,0,0,0,0
Member,sprint2,sprint2.Bosses,BossFactory,Add,88,1,0,0,1,1
Member,sprint2,sprint2.Bosses,BossFactory,BossFactory,81,1,0,0,2,1
Member,sprint2,sprint2.Bosses,BossFactory,CreateColoredSlime,74,1,0,0,3,3
Member,sprint2,sprint2.Bosses,BossFactory,CreateCthulhu,71,1,0,0,4,4
Member,sprint2,sprint2.Bosses,BossFactory,CreateQueenBee,73,1,0,0,3,3
Member,sprint2,sprint2.Bosses,BossFactory,CreateSlime,75,1,0,0,3,3
Member,sprint2,sprint2.Bosses,BossFactory,DrawAll,79,2,0,0,2,2
Member,sprint2,sprint2.Bosses,BossFactory,instance,100,1,0,0,0,0
Member,sprint2,sprint2.Bosses,BossFactory,Instance,78,1,0,0,3,1
Member,sprint2,sprint2.Bosses,BossFactory,LoadAllTextures,74,1,0,0,3,3
Member,sprint2,sprint2.Bosses,BossFactory,SetList,87,1,0,0,1,1
Member,sprint2,sprint2.Bosses,BossFactory,UpdateAll,77,2,0,0,2,2
Type,sprint2,sprint2.Bosses,EyeOfCthulhu,,87,20,1,12,77,51
Member,sprint2,sprint2.Bosses,EyeOfCthulhu,_atlas,100,1,0,0,0,0
Member,sprint2,sprint2.Bosses,EyeOfCthulhu,_facingRight,100,1,0,0,0,0
Member,sprint2,sprint2.Bosses,EyeOfCthulhu,_movementSpeed,100,1,0,0,0,0
Member,sprint2,sprint2.Bosses,EyeOfCthulhu,_sprite,100,1,0,0,0,0
Member,sprint2,sprint2.Bosses,EyeOfCthulhu,_state,100,1,0,0,0,0
Member,sprint2,sprint2.Bosses,EyeOfCthulhu,Acceleration,100,1,0,0,0,0
Member,sprint2,sprint2.Bosses,EyeOfCthulhu,CalcDrag,84,1,0,0,1,1
Member,sprint2,sprint2.Bosses,EyeOfCthulhu,ChangeState,80,1,0,0,2,2
Member,sprint2,sprint2.Bosses,EyeOfCthulhu,DashToPosition,75,1,0,0,3,3
Member,sprint2,sprint2.Bosses,EyeOfCthulhu,Drag,100,1,0,0,0,0
Member,sprint2,sprint2.Bosses,EyeOfCthulhu,Draw,78,2,0,0,2,2
Member,sprint2,sprint2.Bosses,EyeOfCthulhu,EyeOfCthulhu,63,1,0,0,8,7
Member,sprint2,sprint2.Bosses,EyeOfCthulhu,HandleAttack,80,1,0,0,2,2
Member,sprint2,sprint2.Bosses,EyeOfCthulhu,HandleDragComponent,65,3,0,0,7,6
Member,sprint2,sprint2.Bosses,EyeOfCthulhu,HandleMovement,66,3,0,0,6,8
Member,sprint2,sprint2.Bosses,EyeOfCthulhu,HandleRotation,62,2,0,0,8,8
Member,sprint2,sprint2.Bosses,EyeOfCthulhu,JerkDamping,100,1,0,0,0,0
Member,sprint2,sprint2.Bosses,EyeOfCthulhu,Position,100,1,0,0,0,0
Member,sprint2,sprint2.Bosses,EyeOfCthulhu,Rotation,100,1,0,0,0,0
Member,sprint2,sprint2.Bosses,EyeOfCthulhu,RunToPosition,63,2,0,0,8,7
Member,sprint2,sprint2.Bosses,EyeOfCthulhu,SetAnimation,87,1,0,0,1,1
Member,sprint2,sprint2.Bosses,EyeOfCthulhu,TargetPos,100,1,0,0,0,0
Member,sprint2,sprint2.Bosses,EyeOfCthulhu,targetRotation,100,1,0,0,0,0
Member,sprint2,sprint2.Bosses,EyeOfCthulhu,Update,72,1,0,0,4,4
Member,sprint2,sprint2.Bosses,EyeOfCthulhu,Velocity,100,1,0,0,0,0
Type,sprint2,sprint2.Bosses,IBoss,,100,1,1,3,3,0
Member,sprint2,sprint2.Bosses,IBoss,Draw,100,1,0,0,0,0
Member,sprint2,sprint2.Bosses,IBoss,Update,100,1,0,0,0,0
Type,sprint2,sprint2.Bosses,QueenBee,,86,18,1,11,64,43
Member,sprint2,sprint2.Bosses,QueenBee,_atlas,100,1,0,0,0,0
Member,sprint2,sprint2.Bosses,QueenBee,_facingRight,100,1,0,0,0,0
Member,sprint2,sprint2.Bosses,QueenBee,_sprite,100,1,0,0,0,0
Member,sprint2,sprint2.Bosses,QueenBee,_state,100,1,0,0,0,0
Member,sprint2,sprint2.Bosses,QueenBee,Acceleration,100,1,0,0,0,0
Member,sprint2,sprint2.Bosses,QueenBee,CalcDist,68,2,0,0,5,5
Member,sprint2,sprint2.Bosses,QueenBee,CalcDrag,84,1,0,0,1,1
Member,sprint2,sprint2.Bosses,QueenBee,ChangeState,80,1,0,0,2,2
Member,sprint2,sprint2.Bosses,QueenBee,Drag,100,1,0,0,0,0
Member,sprint2,sprint2.Bosses,QueenBee,Draw,78,2,0,0,2,2
Member,sprint2,sprint2.Bosses,QueenBee,HandleDragComponent,65,3,0,0,7,6
Member,sprint2,sprint2.Bosses,QueenBee,HandleMovement,66,3,0,0,6,8
Member,sprint2,sprint2.Bosses,QueenBee,JerkDamping,100,1,0,0,0,0
Member,sprint2,sprint2.Bosses,QueenBee,Position,100,1,0,0,0,0
Member,sprint2,sprint2.Bosses,QueenBee,QueenBee,63,1,0,0,8,7
Member,sprint2,sprint2.Bosses,QueenBee,RunToPosition,63,2,0,0,8,7
Member,sprint2,sprint2.Bosses,QueenBee,SetAnimation,87,1,0,0,1,1
Member,sprint2,sprint2.Bosses,QueenBee,TargetPos,100,1,0,0,0,0
Member,sprint2,sprint2.Bosses,QueenBee,Update,72,1,0,0,4,4
Member,sprint2,sprint2.Bosses,QueenBee,Velocity,100,1,0,0,0,0
Type,sprint2,sprint2.Bosses,Slime,,87,22,1,12,76,50
Member,sprint2,sprint2.Bosses,Slime,_atlas,100,1,0,0,0,0
Member,sprint2,sprint2.Bosses,Slime,_jumpStrength,100,1,0,0,0,0
Member,sprint2,sprint2.Bosses,Slime,_movementSpeed,100,1,0,0,0,0
Member,sprint2,sprint2.Bosses,Slime,_sprite,100,1,0,0,0,0
Member,sprint2,sprint2.Bosses,Slime,_timer,100,1,0,0,0,0
Member,sprint2,sprint2.Bosses,Slime,ApplyPhysics,62,2,0,0,8,7
Member,sprint2,sprint2.Bosses,Slime,CalcDrag,84,1,0,0,1,1
Member,sprint2,sprint2.Bosses,Slime,Color,100,1,0,0,0,0
Member,sprint2,sprint2.Bosses,Slime,Drag,100,1,0,0,0,0
Member,sprint2,sprint2.Bosses,Slime,Draw,79,1,0,0,2,2
Member,sprint2,sprint2.Bosses,Slime,HandleDragComponent,65,3,0,0,7,6
Member,sprint2,sprint2.Bosses,Slime,HandleHorizontalMovement,77,2,0,0,2,2
Member,sprint2,sprint2.Bosses,Slime,HandleJump,62,5,0,0,8,9
Member,sprint2,sprint2.Bosses,Slime,HandleMovement,79,2,0,0,2,3
Member,sprint2,sprint2.Bosses,Slime,IsGrounded,100,1,0,0,0,0
Member,sprint2,sprint2.Bosses,Slime,jumped,100,1,0,0,0,0
Member,sprint2,sprint2.Bosses,Slime,Position,100,1,0,0,0,0
Member,sprint2,sprint2.Bosses,Slime,random,100,1,0,0,0,0
Member,sprint2,sprint2.Bosses,Slime,SetAnimation,87,1,0,0,1,1
Member,sprint2,sprint2.Bosses,Slime,SetColor,88,1,0,0,1,1
Member,sprint2,sprint2.Bosses,Slime,Slime,63,1,0,0,7,6
Member,sprint2,sprint2.Bosses,Slime,Slime,64,1,0,0,7,6
Member,sprint2,sprint2.Bosses,Slime,TargetPos,100,1,0,0,0,0
Member,sprint2,sprint2.Bosses,Slime,Update,67,1,0,0,6,6
Member,sprint2,sprint2.Bosses,Slime,Velocity,100,1,0,0,0,0
Type,sprint2,sprint2.Bosses.States,CthulhuPhase1State,,86,5,1,6,15,9
Member,sprint2,sprint2.Bosses.States,CthulhuPhase1State,_eye,100,1,0,0,0,0
Member,sprint2,sprint2.Bosses.States,CthulhuPhase1State,_timer,100,1,0,0,0,0
Member,sprint2,sprint2.Bosses.States,CthulhuPhase1State,CthulhuPhase1State,82,1,0,0,2,1
Member,sprint2,sprint2.Bosses.States,CthulhuPhase1State,Enter,80,1,0,0,2,2
Member,sprint2,sprint2.Bosses.States,CthulhuPhase1State,Update,66,2,0,0,6,6
Type,sprint2,sprint2.Bosses.States,CthulhuPhase2State,,85,5,1,7,15,9
Member,sprint2,sprint2.Bosses.States,CthulhuPhase2State,_eye,100,1,0,0,0,0
Member,sprint2,sprint2.Bosses.States,CthulhuPhase2State,_timer,100,1,0,0,0,0
Member,sprint2,sprint2.Bosses.States,CthulhuPhase2State,CthulhuPhase2State,82,1,0,0,2,1
Member,sprint2,sprint2.Bosses.States,CthulhuPhase2State,Enter,80,1,0,0,2,2
Member,sprint2,sprint2.Bosses.States,CthulhuPhase2State,Update,65,2,0,0,6,6
Type,sprint2,sprint2.Bosses.States,IBossState,,100,1,1,1,3,0
Member,sprint2,sprint2.Bosses.States,IBossState,Enter,100,1,0,0,0,0
Member,sprint2,sprint2.Bosses.States,IBossState,Update,100,1,0,0,0,0
Type,sprint2,sprint2.Bosses.States,QueenBeeFlyingState,,85,5,1,7,15,9
Member,sprint2,sprint2.Bosses.States,QueenBeeFlyingState,_queenBee,100,1,0,0,0,0
Member,sprint2,sprint2.Bosses.States,QueenBeeFlyingState,_timer,100,1,0,0,0,0
Member,sprint2,sprint2.Bosses.States,QueenBeeFlyingState,Enter,80,1,0,0,2,2
Member,sprint2,sprint2.Bosses.States,QueenBeeFlyingState,QueenBeeFlyingState,82,1,0,0,2,1
Member,sprint2,sprint2.Bosses.States,QueenBeeFlyingState,Update,65,2,0,0,6,6
Type,sprint2,sprint2.Bosses.States,QueenBeeIdleState,,86,5,1,7,14,8
Member,sprint2,sprint2.Bosses.States,QueenBeeIdleState,_queenBee,100,1,0,0,0,0
Member,sprint2,sprint2.Bosses.States,QueenBeeIdleState,_timer,100,1,0,0,0,0
Member,sprint2,sprint2.Bosses.States,QueenBeeIdleState,Enter,80,1,0,0,2,2
Member,sprint2,sprint2.Bosses.States,QueenBeeIdleState,QueenBeeIdleState,82,1,0,0,2,1
Member,sprint2,sprint2.Bosses.States,QueenBeeIdleState,Update,68,2,0,0,5,5
Type,sprint2,sprint2.Combat,ICombatEntity,,100,1,1,2,5,0
Member,sprint2,sprint2.Combat,ICombatEntity,Hitbox,100,1,0,0,0,0
Member,sprint2,sprint2.Combat,ICombatEntity,IsActive,100,1,0,0,0,0
Member,sprint2,sprint2.Combat,ICombatEntity,TakeDamage,100,1,0,0,0,0
Member,sprint2,sprint2.Combat,ICombatEntity,Team,100,1,0,0,0,0
Type,sprint2,sprint2.Combat,ProjectileEffect,,93,2,2,1,8,3
Member,sprint2,sprint2.Combat,ProjectileEffect,Duration,100,1,0,0,0,0
Member,sprint2,sprint2.Combat,ProjectileEffect,ProjectileEffect,73,1,0,0,4,3
Member,sprint2,sprint2.Combat,ProjectileEffect,Strength,100,1,0,0,0,0
Member,sprint2,sprint2.Combat,ProjectileEffect,Type,100,1,0,0,0,0
Type,sprint2,sprint2.Hotbar,EmptyHotbarEntry,,92,5,1,5,9,3
Member,sprint2,sprint2.Hotbar,EmptyHotbarEntry,Draw,100,1,0,0,0,0
Member,sprint2,sprint2.Hotbar,EmptyHotbarEntry,EmptyHotbarEntry,82,1,0,0,2,1
Member,sprint2,sprint2.Hotbar,EmptyHotbarEntry,Name,100,1,0,0,0,0
Member,sprint2,sprint2.Hotbar,EmptyHotbarEntry,Update,100,1,0,0,0,0
Member,sprint2,sprint2.Hotbar,EmptyHotbarEntry,Use,80,1,0,0,2,2
Type,sprint2,sprint2.Hotbar,IHotbarEntry,,100,1,1,3,5,0
Member,sprint2,sprint2.Hotbar,IHotbarEntry,Draw,100,1,0,0,0,0
Member,sprint2,sprint2.Hotbar,IHotbarEntry,Name,100,1,0,0,0,0
Member,sprint2,sprint2.Hotbar,IHotbarEntry,Update,100,1,0,0,0,0
Member,sprint2,sprint2.Hotbar,IHotbarEntry,Use,100,1,0,0,0,0
Type,sprint2,sprint2.Hotbar,PlayerHotbar,,83,15,1,8,28,17
Member,sprint2,sprint2.Hotbar,PlayerHotbar,_slots,100,1,0,0,0,0
Member,sprint2,sprint2.Hotbar,PlayerHotbar,Count,82,1,0,0,2,1
Member,sprint2,sprint2.Hotbar,PlayerHotbar,Draw,78,2,0,0,2,2
Member,sprint2,sprint2.Hotbar,PlayerHotbar,GetEntry,88,1,0,0,1,1
Member,sprint2,sprint2.Hotbar,PlayerHotbar,PlayerHotbar,65,3,0,0,6,5
Member,sprint2,sprint2.Hotbar,PlayerHotbar,SelectedEntry,81,1,0,0,2,1
Member,sprint2,sprint2.Hotbar,PlayerHotbar,SelectedSlot,100,1,0,0,0,0
Member,sprint2,sprint2.Hotbar,PlayerHotbar,Update,78,2,0,0,2,2
Member,sprint2,sprint2.Hotbar,PlayerHotbar,UseSelected,87,1,0,0,1,1
Member,sprint2,sprint2.Hotbar,PlayerHotbar,UseSlot,71,3,0,0,4,4
Type,sprint2,sprint2.Hotbar,WeaponHotbarEntry,,92,6,1,7,15,7
Member,sprint2,sprint2.Hotbar,WeaponHotbarEntry,_attackWhenSelected,100,1,0,0,0,0
Member,sprint2,sprint2.Hotbar,WeaponHotbarEntry,_weapon,100,1,0,0,0,0
Member,sprint2,sprint2.Hotbar,WeaponHotbarEntry,Draw,100,1,0,0,0,0
Member,sprint2,sprint2.Hotbar,WeaponHotbarEntry,Name,100,1,0,0,0,0
Member,sprint2,sprint2.Hotbar,WeaponHotbarEntry,Update,100,1,0,0,0,0
Member,sprint2,sprint2.Hotbar,WeaponHotbarEntry,Use,71,2,0,0,4,4
Member,sprint2,sprint2.Hotbar,WeaponHotbarEntry,WeaponHotbarEntry,72,1,0,0,4,3
Type,sprint2,sprint2.Items,HealthPotion,,85,10,1,9,31,21
Member,sprint2,sprint2.Items,HealthPotion,_texture,100,1,0,0,0,0
Member,sprint2,sprint2.Items,HealthPotion,_timer,100,1,0,0,0,0
Member,sprint2,sprint2.Items,HealthPotion,DisplayDuration,100,1,0,0,0,0
Member,sprint2,sprint2.Items,HealthPotion,Draw,60,3,0,0,9,9
Member,sprint2,sprint2.Items,HealthPotion,HealthPotion,77,1,0,0,3,2
Member,sprint2,sprint2.Items,HealthPotion,IsActive,100,1,0,0,0,0
Member,sprint2,sprint2.Items,HealthPotion,Name,82,1,0,0,2,1
Member,sprint2,sprint2.Items,HealthPotion,Update,64,3,0,0,7,7
Member,sprint2,sprint2.Items,HealthPotion,Use,81,1,0,0,2,2
Type,sprint2,sprint2.Items,IItem,,100,1,1,1,2,0
Member,sprint2,sprint2.Items,IItem,IsActive,100,1,0,0,0,0
Type,sprint2,sprint2.Items,Item,,93,4,1,4,9,3
Member,sprint2,sprint2.Items,Item,Draw,87,1,0,0,1,1
Member,sprint2,sprint2.Items,Item,Item,76,1,0,0,3,2
Member,sprint2,sprint2.Items,Item,Location,100,1,0,0,0,0
Member,sprint2,sprint2.Items,Item,TheSprite,100,1,0,0,0,0
Member,sprint2,sprint2.Items,Item,Update,100,1,0,0,0,0
Type,sprint2,sprint2.Items,ItemDemo,,83,8,1,10,19,14
Member,sprint2,sprint2.Items,ItemDemo,_currItem,100,1,0,0,0,0
Member,sprint2,sprint2.Items,ItemDemo,_items,100,1,0,0,0,0
Member,sprint2,sprint2.Items,ItemDemo,Draw,85,1,0,0,1,1
Member,sprint2,sprint2.Items,ItemDemo,ItemDemo,62,2,0,0,8,5
Member,sprint2,sprint2.Items,ItemDemo,Update,66,4,0,0,5,8
Type,sprint2,sprint2.Items,ItemFactory,,90,8,1,6,19,7
Member,sprint2,sprint2.Items,ItemFactory,_healthPotAtlas,100,1,0,0,0,0
Member,sprint2,sprint2.Items,ItemFactory,_recallPotAtlas,100,1,0,0,0,0
Member,sprint2,sprint2.Items,ItemFactory,CreateHealthPot,87,1,0,0,1,1
Member,sprint2,sprint2.Items,ItemFactory,CreateHealthPotSprite,88,1,0,0,1,1
Member,sprint2,sprint2.Items,ItemFactory,CreateRecallPot,88,1,0,0,1,1
Member,sprint2,sprint2.Items,ItemFactory,CreateRecallPotSprite,88,1,0,0,1,1
Member,sprint2,sprint2.Items,ItemFactory,instance,100,1,0,0,0,0
Member,sprint2,sprint2.Items,ItemFactory,Instance,78,1,0,0,3,1
Member,sprint2,sprint2.Items,ItemFactory,ItemFactory,92,1,0,0,1,0
Member,sprint2,sprint2.Items,ItemFactory,LoadAllTextures,78,1,0,0,2,2
Type,sprint2,sprint2.Items,RecallPotion,,86,10,1,9,33,21
Member,sprint2,sprint2.Items,RecallPotion,_potPosition,100,1,0,0,0,0
Member,sprint2,sprint2.Items,RecallPotion,_recallLocation,100,1,0,0,0,0
Member,sprint2,sprint2.Items,RecallPotion,_sprite,100,1,0,0,0,0
Member,sprint2,sprint2.Items,RecallPotion,_timer,100,1,0,0,0,0
Member,sprint2,sprint2.Items,RecallPotion,Draw,62,3,0,0,8,7
Member,sprint2,sprint2.Items,RecallPotion,IsActive,100,1,0,0,0,0
Member,sprint2,sprint2.Items,RecallPotion,Name,82,1,0,0,2,1
Member,sprint2,sprint2.Items,RecallPotion,RecallPotion,72,1,0,0,4,3
Member,sprint2,sprint2.Items,RecallPotion,Update,62,3,0,0,8,8
Member,sprint2,sprint2.Items,RecallPotion,Use,81,1,0,0,2,2
Type,sprint2,sprint2.Music,IMusic,,100,1,1,1,7,0
Member,sprint2,sprint2.Music,IMusic,Looping,100,1,0,0,0,0
Member,sprint2,sprint2.Music,IMusic,NextSong,100,1,0,0,0,0
Member,sprint2,sprint2.Music,IMusic,Play,100,1,0,0,0,0
Member,sprint2,sprint2.Music,IMusic,Song,100,1,0,0,0,0
Member,sprint2,sprint2.Music,IMusic,Stop,100,1,0,0,0,0
Member,sprint2,sprint2.Music,IMusic,Update,100,1,0,0,0,0
Type,sprint2,sprint2.Music,MusicPlayer,,86,15,1,5,36,23
Member,sprint2,sprint2.Music,MusicPlayer,_currentSongIndex,100,1,0,0,0,0
Member,sprint2,sprint2.Music,MusicPlayer,_playlist,100,1,0,0,0,0
Member,sprint2,sprint2.Music,MusicPlayer,Looping,100,1,0,0,0,0
Member,sprint2,sprint2.Music,MusicPlayer,MusicPlayer,67,1,0,0,6,5
Member,sprint2,sprint2.Music,MusicPlayer,MusicPlayer,69,1,0,0,5,4
Member,sprint2,sprint2.Music,MusicPlayer,NextSong,68,3,0,0,5,6
Member,sprint2,sprint2.Music,MusicPlayer,Play,79,2,0,0,2,2
Member,sprint2,sprint2.Music,MusicPlayer,SetPlaylist,87,1,0,0,1,1
Member,sprint2,sprint2.Music,MusicPlayer,Song,100,1,0,0,0,0
Member,sprint2,sprint2.Music,MusicPlayer,Start,87,1,0,0,1,1
Member,sprint2,sprint2.Music,MusicPlayer,Stop,88,1,0,0,1,1
Member,sprint2,sprint2.Music,MusicPlayer,Update,73,4,0,0,3,3
Member,sprint2,sprint2.Music,MusicPlayer,Volume,100,1,0,0,0,0
Type,sprint2,sprint2.Players,FallState,,87,7,1,7,14,7
Member,sprint2,sprint2.Players,FallState,_player,100,1,0,0,0,0
Member,sprint2,sprint2.Players,FallState,Enter,87,1,0,0,1,1
Member,sprint2,sprint2.Players,FallState,Exit,100,1,0,0,0,0
Member,sprint2,sprint2.Players,FallState,FallState,82,1,0,0,2,1
Member,sprint2,sprint2.Players,FallState,Update,66,3,0,0,6,5
Type,sprint2,sprint2.Players,IdleState,,86,8,1,9,16,10
Member,sprint2,sprint2.Players,IdleState,_player,100,1,0,0,0,0
Member,sprint2,sprint2.Players,IdleState,Enter,87,1,0,0,1,1
Member,sprint2,sprint2.Players,IdleState,Exit,100,1,0,0,0,0
Member,sprint2,sprint2.Players,IdleState,IdleState,82,1,0,0,2,1
Member,sprint2,sprint2.Players,IdleState,Update,61,4,0,0,8,8
Type,sprint2,sprint2.Players,IPlayer,,100,1,1,6,10,0
Member,sprint2,sprint2.Players,IPlayer,Draw,100,1,0,0,0,0
Member,sprint2,sprint2.Players,IPlayer,EquipWeapon,100,1,0,0,0,0
Member,sprint2,sprint2.Players,IPlayer,FacingRight,100,1,0,0,0,0
Member,sprint2,sprint2.Players,IPlayer,Location,100,1,0,0,0,0
Member,sprint2,sprint2.Players,IPlayer,SelectedHotbarItem,100,1,0,0,0,0
Member,sprint2,sprint2.Players,IPlayer,SelectedHotbarSlot,100,1,0,0,0,0
Member,sprint2,sprint2.Players,IPlayer,UnequipWeapon,100,1,0,0,0,0
Member,sprint2,sprint2.Players,IPlayer,Update,100,1,0,0,0,0
Member,sprint2,sprint2.Players,IPlayer,Velocity,100,1,0,0,0,0
Type,sprint2,sprint2.Players,JumpState,,83,8,1,7,19,12
Member,sprint2,sprint2.Players,JumpState,_player,100,1,0,0,0,0
Member,sprint2,sprint2.Players,JumpState,Enter,74,1,0,0,3,3
Member,sprint2,sprint2.Players,JumpState,Exit,100,1,0,0,0,0
Member,sprint2,sprint2.Players,JumpState,JumpState,82,1,0,0,2,1
Member,sprint2,sprint2.Players,JumpState,Update,60,4,0,0,9,8
Type,sprint2,sprint2.Players,MultiBind,,76,17,1,5,29,20
Member,sprint2,sprint2.Players,MultiBind,_triggers,100,1,0,0,0,0
Member,sprint2,sprint2.Players,MultiBind,AddKey,87,1,0,0,1,1
Member,sprint2,sprint2.Players,MultiBind,IsNewPress,68,3,0,0,5,4
Member,sprint2,sprint2.Players,MultiBind,IsPressed,68,3,0,0,5,4
Member,sprint2,sprint2.Players,MultiBind,MultiBind,79,1,0,0,2,1
Member,sprint2,sprint2.Players,MultiBind,ReplaceKey,70,3,0,0,4,3
Member,sprint2,sprint2.Players,MultiBind,Update,62,5,0,0,7,7
Type,sprint2,sprint2.Players,Player,,87,27,1,17,174,107
Member,sprint2,sprint2.Players,Player,_atlas,100,1,0,0,0,0
Member,sprint2,sprint2.Players,Player,_equippedWeapon,100,1,0,0,0,0
Member,sprint2,sprint2.Players,Player,_facingRight,100,1,0,0,0,0
Member,sprint2,sprint2.Players,Player,_hotbar,100,1,0,0,0,0
Member,sprint2,sprint2.Players,Player,_jumpStrength,100,1,0,0,0,0
Member,sprint2,sprint2.Players,Player,_movementSpeed,100,1,0,0,0,0
Member,sprint2,sprint2.Players,Player,_stateMachine,100,1,0,0,0,0
Member,sprint2,sprint2.Players,Player,ApplyPhysics,62,2,0,0,8,7
Member,sprint2,sprint2.Players,Player,Draw,65,3,0,0,6,5
Member,sprint2,sprint2.Players,Player,EquipWeapon,88,1,0,0,1,1
Member,sprint2,sprint2.Players,Player,FacingRight,82,1,0,0,2,1
Member,sprint2,sprint2.Players,Player,HandleHorizontalMovement,61,5,0,0,8,6
Member,sprint2,sprint2.Players,Player,HandleHotbarInput,58,6,0,0,10,10
Member,sprint2,sprint2.Players,Player,Input,100,1,0,0,0,0
Member,sprint2,sprint2.Players,Player,IsGrounded,100,1,0,0,0,0
Member,sprint2,sprint2.Players,Player,Location,100,1,0,0,0,0
Member,sprint2,sprint2.Players,Player,Player,55,1,0,0,14,13
Member,sprint2,sprint2.Players,Player,PlayerState,100,1,0,0,0,0
Member,sprint2,sprint2.Players,Player,SelectedHotbarItem,82,1,0,0,2,1
Member,sprint2,sprint2.Players,Player,SelectedHotbarSlot,82,1,0,0,2,1
Member,sprint2,sprint2.Players,Player,Sprite,100,1,0,0,0,0
Member,sprint2,sprint2.Players,Player,UnequipWeapon,89,1,0,0,1,1
Member,sprint2,sprint2.Players,Player,Update,55,4,0,0,13,13
Member,sprint2,sprint2.Players,Player,Velocity,100,1,0,0,0,0
Type,sprint2,sprint2.Players,PlayerInput,,83,12,1,14,41,12
Member,sprint2,sprint2.Players,PlayerInput,AddKey,70,2,0,0,4,3
Member,sprint2,sprint2.Players,PlayerInput,DAS_delay,100,1,0,0,0,0
Member,sprint2,sprint2.Players,PlayerInput,GetCursorPos,88,1,0,0,1,1
Member,sprint2,sprint2.Players,PlayerInput,Inputs,100,1,0,0,0,0
Member,sprint2,sprint2.Players,PlayerInput,IsNewPress,86,2,0,0,1,1
Member,sprint2,sprint2.Players,PlayerInput,IsPressed,86,2,0,0,1,1
Member,sprint2,sprint2.Players,PlayerInput,KeyBinds,100,1,0,0,0,0
Member,sprint2,sprint2.Players,PlayerInput,PlayerInput,47,1,0,0,20,2
Member,sprint2,sprint2.Players,PlayerInput,ScanKey,79,1,0,0,2,2
Member,sprint2,sprint2.Players,PlayerInput,Update,78,2,0,0,2,2
Type,sprint2,sprint2.Players,UseItemState,,86,7,1,8,16,9
Member,sprint2,sprint2.Players,UseItemState,_player,100,1,0,0,0,0
Member,sprint2,sprint2.Players,UseItemState,Enter,87,1,0,0,1,1
Member,sprint2,sprint2.Players,UseItemState,Exit,100,1,0,0,0,0
Member,sprint2,sprint2.Players,UseItemState,Update,61,3,0,0,8,7
Member,sprint2,sprint2.Players,UseItemState,UseItemState,82,1,0,0,2,1
Type,sprint2,sprint2.Players,WalkState,,86,8,1,9,16,10
Member,sprint2,sprint2.Players,WalkState,_player,100,1,0,0,0,0
Member,sprint2,sprint2.Players,WalkState,Enter,87,1,0,0,1,1
Member,sprint2,sprint2.Players,WalkState,Exit,100,1,0,0,0,0
Member,sprint2,sprint2.Players,WalkState,Update,61,4,0,0,8,8
Member,sprint2,sprint2.Players,WalkState,WalkState,82,1,0,0,2,1
Type,sprint2,sprint2.Projectiles,DaggerProjectile,,76,6,2,12,12,8
Member,sprint2,sprint2.Projectiles,DaggerProjectile,DaggerProjectile,86,1,0,0,1,0
Member,sprint2,sprint2.Projectiles,DaggerProjectile,Draw,66,2,0,0,5,5
Member,sprint2,sprint2.Projectiles,DaggerProjectile,Update,75,2,0,0,3,3
Type,sprint2,sprint2.Projectiles,IProjectile,,100,1,1,3,5,0
Member,sprint2,sprint2.Projectiles,IProjectile,Draw,100,1,0,0,0,0
Member,sprint2,sprint2.Projectiles,IProjectile,IsActive,100,1,0,0,0,0
Member,sprint2,sprint2.Projectiles,IProjectile,Position,100,1,0,0,0,0
Member,sprint2,sprint2.Projectiles,IProjectile,Update,100,1,0,0,0,0
Type,sprint2,sprint2.Projectiles,Projectile,,90,6,1,7,22,12
Member,sprint2,sprint2.Projectiles,Projectile,ApplyPhysics,86,1,0,0,1,1
Member,sprint2,sprint2.Projectiles,Projectile,Destroy,88,1,0,0,1,1
Member,sprint2,sprint2.Projectiles,Projectile,Draw,100,1,0,0,0,0
Member,sprint2,sprint2.Projectiles,Projectile,IsActive,100,1,0,0,0,0
Member,sprint2,sprint2.Projectiles,Projectile,Position,100,1,0,0,0,0
Member,sprint2,sprint2.Projectiles,Projectile,Projectile,70,1,0,0,5,4
Member,sprint2,sprint2.Projectiles,Projectile,Texture,100,1,0,0,0,0
Member,sprint2,sprint2.Projectiles,Projectile,Update,66,2,0,0,6,6
Member,sprint2,sprint2.Projectiles,Projectile,Velocity,100,1,0,0,0,0
Type,sprint2,sprint2.Projectiles,ProjectileFactory,,89,5,1,5,12,4
Member,sprint2,sprint2.Projectiles,ProjectileFactory,_daggerTexture,100,1,0,0,0,0
Member,sprint2,sprint2.Projectiles,ProjectileFactory,CreateDagger,86,1,0,0,1,1
Member,sprint2,sprint2.Projectiles,ProjectileFactory,instance,100,1,0,0,0,0
Member,sprint2,sprint2.Projectiles,ProjectileFactory,Instance,78,1,0,0,3,1
Member,sprint2,sprint2.Projectiles,ProjectileFactory,LoadAllTextures,79,1,0,0,2,2
Member,sprint2,sprint2.Projectiles,ProjectileFactory,ProjectileFactory,92,1,0,0,1,0
Type,sprint2,sprint2.Projectiles,ProjectileManager,,82,10,1,6,18,11
Member,sprint2,sprint2.Projectiles,ProjectileManager,_projectiles,100,1,0,0,0,0
Member,sprint2,sprint2.Projectiles,ProjectileManager,AddProjectile,74,2,0,0,3,3
Member,sprint2,sprint2.Projectiles,ProjectileManager,Clear,88,1,0,0,1,1
Member,sprint2,sprint2.Projectiles,ProjectileManager,Draw,79,2,0,0,2,2
Member,sprint2,sprint2.Projectiles,ProjectileManager,ProjectileManager,81,1,0,0,2,1
Member,sprint2,sprint2.Projectiles,ProjectileManager,Update,69,3,0,0,4,4
Type,sprint2,sprint2.StateMachines,IState,,100,1,1,0,4,0
Member,sprint2,sprint2.StateMachines,IState,Enter,100,1,0,0,0,0
Member,sprint2,sprint2.StateMachines,IState,Exit,100,1,0,0,0,0
Member,sprint2,sprint2.StateMachines,IState,Update,100,1,0,0,0,0
Type,sprint2,sprint2.StateMachines,StateMachine,,88,6,1,5,14,8
Member,sprint2,sprint2.StateMachines,StateMachine,AddState,87,1,0,0,1,1
Member,sprint2,sprint2.StateMachines,StateMachine,ChangeState,65,3,0,0,6,6
Member,sprint2,sprint2.StateMachines,StateMachine,CurrentState,100,1,0,0,0,0
Member,sprint2,sprint2.StateMachines,StateMachine,states,100,1,0,0,0,0
Member,sprint2,sprint2.StateMachines,StateMachine,Update,87,1,0,0,1,1
Type,sprint2,sprint2.Weapons,Dagger,,80,13,2,18,90,31
Member,sprint2,sprint2.Weapons,Dagger,_leftHandOffset,100,1,0,0,0,0
Member,sprint2,sprint2.Weapons,Dagger,_projectileManager,100,1,0,0,0,0
Member,sprint2,sprint2.Weapons,Dagger,_rightHandOffset,100,1,0,0,0,0
Member,sprint2,sprint2.Weapons,Dagger,Attack,53,3,0,0,17,12
Member,sprint2,sprint2.Weapons,Dagger,Dagger,71,1,0,0,5,1
Member,sprint2,sprint2.Weapons,Dagger,Draw,49,4,0,0,27,7
Member,sprint2,sprint2.Weapons,Dagger,SwingEnd,100,1,0,0,0,0
Member,sprint2,sprint2.Weapons,Dagger,SwingStart,100,1,0,0,0,0
Member,sprint2,sprint2.Weapons,Dagger,Update,50,4,0,0,25,11
Type,sprint2,sprint2.Weapons,IProjectile,,100,1,1,3,4,0
Member,sprint2,sprint2.Weapons,IProjectile,Attack,100,1,0,0,0,0
Member,sprint2,sprint2.Weapons,IProjectile,Draw,100,1,0,0,0,0
Member,sprint2,sprint2.Weapons,IProjectile,Update,100,1,0,0,0,0
Type,sprint2,sprint2.Weapons,IWeapon,,100,1,1,4,6,0
Member,sprint2,sprint2.Weapons,IWeapon,Attack,100,1,0,0,0,0
Member,sprint2,sprint2.Weapons,IWeapon,Attack,100,1,0,0,0,0
Member,sprint2,sprint2.Weapons,IWeapon,Draw,100,1,0,0,0,0
Member,sprint2,sprint2.Weapons,IWeapon,IsAttacking,100,1,0,0,0,0
Member,sprint2,sprint2.Weapons,IWeapon,Update,100,1,0,0,0,0
Type,sprint2,sprint2.Weapons,Projectile,,94,4,1,5,21,4
Member,sprint2,sprint2.Weapons,Projectile,Attack,87,1,0,0,1,1
Member,sprint2,sprint2.Weapons,Projectile,AttackTimer,100,1,0,0,0,0
Member,sprint2,sprint2.Weapons,Projectile,Draw,100,1,0,0,0,0
Member,sprint2,sprint2.Weapons,Projectile,FinishAttack,88,1,0,0,1,1
Member,sprint2,sprint2.Weapons,Projectile,LifeSpan,100,1,0,0,0,0
Member,sprint2,sprint2.Weapons,Projectile,Projectile,71,1,0,0,5,2
Member,sprint2,sprint2.Weapons,Projectile,Rotation,100,1,0,0,0,0
Member,sprint2,sprint2.Weapons,Projectile,Texture,100,1,0,0,0,0
Member,sprint2,sprint2.Weapons,Projectile,Update,100,1,0,0,0,0
Type,sprint2,sprint2.Weapons,Weapon,,90,7,1,6,33,14
Member,sprint2,sprint2.Weapons,Weapon,Attack,72,2,0,0,4,4
Member,sprint2,sprint2.Weapons,Weapon,Attack,71,2,0,0,4,4
Member,sprint2,sprint2.Weapons,Weapon,AttackDuration,100,1,0,0,0,0
Member,sprint2,sprint2.Weapons,Weapon,AttackTimer,100,1,0,0,0,0
Member,sprint2,sprint2.Weapons,Weapon,Draw,100,1,0,0,0,0
Member,sprint2,sprint2.Weapons,Weapon,FinishAttack,81,1,0,0,2,2
Member,sprint2,sprint2.Weapons,Weapon,IsAttacking,100,1,0,0,0,0
Member,sprint2,sprint2.Weapons,Weapon,Rotation,100,1,0,0,0,0
Member,sprint2,sprint2.Weapons,Weapon,Texture,100,1,0,0,0,0
Member,sprint2,sprint2.Weapons,Weapon,Update,100,1,0,0,0,0
Member,sprint2,sprint2.Weapons,Weapon,Weapon,67,1,0,0,7,4
Type,sprint2,sprint2.Weapons,WeaponFactory,,90,6,1,6,15,5
Member,sprint2,sprint2.Weapons,WeaponFactory,CreateDagger,87,1,0,0,1,1
Member,sprint2,sprint2.Weapons,WeaponFactory,CreateSword,87,1,0,0,1,1
Member,sprint2,sprint2.Weapons,WeaponFactory,daggerAtlas,100,1,0,0,0,0
Member,sprint2,sprint2.Weapons,WeaponFactory,instance,100,1,0,0,0,0
Member,sprint2,sprint2.Weapons,WeaponFactory,Instance,78,1,0,0,3,1
Member,sprint2,sprint2.Weapons,WeaponFactory,LoadAllTextures,78,1,0,0,2,2
Member,sprint2,sprint2.Weapons,WeaponFactory,swordAtlas,100,1,0,0,0,0
Member,sprint2,sprint2.Weapons,WeaponFactory,WeaponFactory,92,1,0,0,1,0
Type,sprint2,sprint2.World,WorldHandler,,88,6,1,3,17,7
Member,sprint2,sprint2.World,WorldHandler,CameraPosition,100,1,0,0,0,0
Member,sprint2,sprint2.World,WorldHandler,GetTransformMatrix,77,1,0,0,2,1
Member,sprint2,sprint2.World,WorldHandler,Instance,100,1,0,0,0,0
Member,sprint2,sprint2.World,WorldHandler,PixelToWorldSpace,86,1,0,0,1,1
Member,sprint2,sprint2.World,WorldHandler,ScreenCenter,100,1,0,0,0,0
Member,sprint2,sprint2.World,WorldHandler,Update,86,1,0,0,1,1
Member,sprint2,sprint2.World,WorldHandler,WorldHandler,71,1,0,0,4,3
Member,sprint2,sprint2.World,WorldHandler,WorldToPixelSpace,86,1,0,0,1,1
